zhidao,知识
10010,手机
10010,手机
10086,手机
10101111,生活
10jqka,财经
12306,生活
163,生活
173app,生活
189,生活
189store,手机
189store,手机
1923,生活
1kanshu,生活
233,知识
25pp,生活
317abc,生活
360,工具
360buy,生活
360game,生活
360launcher,手机
360safe,手机
365rili,工具
3g,信息
3gimg,购物
40017,生活
51aiya,生活
51job,信息
51wnl,工具
51y5,工具
51yund,生活
52dangong,购物
56,生活
58,生活
5sing,生活
5singlive,生活
61,生活
7daysinn,生活
7wenta,知识
91,生活
9377,生活
9610,生活
99,信息
admaster,知识
admob,生活
adpro,生活
adsame,信息
adsmogo,生活
adview,生活
airtake,媒体
alicdn,社交
alipaipai,生活
alipay,生活
aliyun,工具
amap,生活
amazon,生活
android,手机
anzhi,生活
appcss,工具
appfeed,手机
appstore,手机
at321,工具
auto,生活
autohome,财经
avlyun,生活
babytree,生活
baichuan,知识
baicizhan,知识
baidao,知识
baidu,信息
baidu-img,媒体
baidupcs,生活
baiduwebgame,生活
baifendian,信息
baihe,信息
baike,知识
baixing,工具
bangcle,工具
baobao,生活
baofeng,生活
baomihua,生活
bbs,生活
bdimg,生活
bestpay,生活
bilibili,媒体
bing,生活
bizhi,媒体
blog,生活
BMW,财经
book,生活
bookimg,生活
bookshelf,知识
brightcove,生活
browser,工具
budejie,生活
buluo,生活
caijing,财经
callcar,生活
camera360,媒体
card,社交
carwash,生活
cctv,媒体
cdeledu,知识
changba,生活
changyan,生活
chaoshi,生活
che168,生活
chihe,生活
chinanews,生活
chrome,生活
chuchujie,生活
cloud,生活
cloudfront,工具
cmread,生活
cnews,生活
cnfol,财经
cntv,媒体
cnzz,信息
comicool,生活
coohua,手机
coolread,生活
coolyun,生活
cootekservice,生活
costoon,知识
crasheye,工具
crntt,信息
ctrip,生活
cuxiao,生活
dajie,信息
dameiren,生活
dandanz,知识
daohang,生活
daoju,生活
daoyoudao,手机
dfcfw,财经
dianhua,生活
dianping,购物
dianru,信息
dianwoda,财经
dianxin,生活
dianxinos,手机
dianying,生活
didapinche,生活
didi,生活
ditiezu,生活
domob,信息
domobile,生活
dongting,媒体
douban,社交
doumi,信息
doyo,生活
duapp,知识
duba,工具
duokan,社交
duokoo,生活
duomi,生活
dushu,生活
dushubus,生活
dxsvr,工具
easou,生活
eastmoney,财经
easyread,知识
edaijia,生活
email,生活
emoney,财经
enjoyz,生活
eqxiu,工具
etouch,工具
fanli,财经
fanyi,知识
fashion,生活
feeyun,工具
feidee,财经
feiji,生活
finance,财经
flvcd,生活
fotoable,媒体
freewifi,生活
funshion,生活
fuwu,生活
game,生活
gamebox,生活
gamecenter,生活
ganji,信息
geetest,工具
gewara,工具
gfan,生活
gifshow,媒体
gmw,生活
google,信息
google-analytics,信息
gouwu,生活
gtimg,社交
gucheng,财经
guoluke,手机
gupiao,财经
gushitong,财经
gw,财经
gzyouai,生活
haitou,信息
hao123,信息
haodf,生活
haosou,信息
happyelements,生活
happyjuzi,生活
hexun,财经
hiapk,手机
hicloud,生活
hiido,信息
himg,媒体
hiphotos,生活
hitop,生活
holaworld,工具
homecloud,生活
hotel,生活
house,财经
huangye,信息
huanle,生活
huanqiu,生活
huisuoping,工具
hunantv,媒体
hunliji,生活
huoche,生活
huodong,生活
hupu,生活
hzins,财经
i7wu,生活
iciba,知识
idol001,媒体
ifeng,信息
iFLYCloud,工具
igexin,信息
ihg,生活
iiapple,手机
ijinshan,生活
ikamobile,信息
ikan,生活
ikanshu,生活
iknow,知识
imap,生活
imgsrc,生活
imgstore,生活
immomo,生活
inews,信息
infoapp,生活
inmobi,生活
inveno,生活
ip138,生活
ipadnav,生活
ipadnavnews,信息
ipadnovel,生活
iqiyi,媒体
ireader,生活
ishansong,生活
ishuaji,手机
itunes,手机
ixiaochuan,生活
iyouxi,生活
iyuedu,生活
jd,购物
jesgoo,工具
jiagu,生活
jiankang,生活
jiaoyu,知识
jiedaibao,财经
jiemian,生活
jingyan,知识
jpush,工具
juangua,生活
juhuasuan,生活
jumei,生活
juwan,生活
jxedt,生活
jyeoo,知识
kaitianad,生活
kakamobi,财经
kandian,生活
kankan,媒体
kankanmi,知识
kaolafm,媒体
kaoyan,知识
keyunzhan,生活
koudai,生活
ksmobile,手机
ksyun,生活
kuaibao,生活
kuaibo,生活
kuaidi,生活
kuaikan,媒体
kuaikanmanhua,生活
kuaiyong,工具
kugou,生活
kukuplay,生活
kuwo,媒体
kuxun,生活
laobingmi,生活
ledongli,生活
lefei,生活
leju,生活
lenovomm,手机
letv,媒体
leyogame,生活
lfkjgs,财经
lianlianbox,生活
lianluo,社交
lianmeng,生活
lianwifi,工具
liebao,工具
limei,购物
linghit,生活
lives,媒体
logo,生活
lol,生活
lovebizhi,媒体
ludashi,手机
lvyou,生活
lyrics,生活
m1905,生活
magiqmobile,生活
mail,购物
maka,工具
mall,生活
mama,生活
manhuaren,生活
map,生活
market,购物
maweb,生活
mbrev,工具
mcapp,生活
mediatek,手机
mediav,信息
meilishuo,生活
meitu,生活
meituan,购物
meizi,生活
mengo360,生活
mfniu,财经
mgyapp,生活
mgyun,手机
mianhuatang,生活
miaopai,媒体
miaozhen,信息
microad,生活
midou8,社交
miercn,生活
mihome,财经
miidi,生活
mikecrm,工具
mitang,生活
miui,手机
mizhe,生活
mmarket,手机
mmbiz,信息
mo,生活
mob,工具
mogujie,购物
moji,生活
moviebox,生活
moxiu,手机
mpush,信息
mtime,生活
mucang,财经
music,媒体
musicdata,媒体
muzhi,生活
myapp,手机
mycheer,手机
myqcloud,生活
mytouch,工具
mytown,财经
nbachina,生活
newdiscoveryapi,信息
niuguwang,财经
nuomi,购物
o2omobi,生活
oil,生活
optaim,生活
paikeimg,媒体
patek,生活
pay,手机
pc120,生活
peiyu,知识
pengwifi,工具
people,生活
photo,生活
photocdn,媒体
photosync,媒体
piao,生活
pingan,财经
pinyin,工具
plateno,生活
player,社交
plu,生活
pnewsapp,生活
png,生活
pos,信息
ppdai,生活
pplive,媒体
pps,媒体
pptv,媒体
primex,工具
qbb6,媒体
qiangqiang5,生活
qidian,生活
qingpai,社交
qingting,媒体
qiniucdn,生活
qiqu,生活
qiushibaike,生活
qiyi,媒体
qlogo,媒体
qq,社交
qqshow,社交
qqwallet,生活
qqweb,信息
qqwx,生活
qtmojo,信息
queyueapp,社交
qunar,生活
qxiu,生活
qzone,社交
qzone-music,媒体
raiyi,购物
rakuten,生活
read,知识
reader,生活
renren,社交
renrentou,财经
rong360,财经
rootjl,工具
screenimgs,媒体
scw98,财经
shake,生活
share,知识
shenchuang,财经
shenghuo,生活
shiguangxiaowu,工具
shitu,媒体
shop,购物
shouji,手机
shoujiduoduo,生活
shoujiweishi,手机
show,媒体
shuame,手机
shucheng,生活
shurufa,工具
shuzilm,财经
sina,信息
sinaimg,媒体
so,信息
sogou,信息
sohu,信息
sohutv,媒体
soku,生活
soso,生活
souyue,工具
speiyou,知识
sports,生活
sqreader,知识
storage,生活
store,购物
study,知识
suggest,知识
suggestion,知识
suning,购物
surfo,工具
tadu,生活
talker,社交
taobao,购物
taofen8,生活
tclclouds,生活
tencentmind,信息
thepaper,生活
tianqi,生活
tianqitong,生活
tieba,社交
tieyou,生活
tingtingfm,媒体
tmall,购物
tongbanjie,财经
tools,工具
touchcdn,工具
toutiao,生活
translate,工具
ttpod,媒体
ttxuanpai,媒体
tuan800,购物
tudou,媒体
tuisong,信息
tuniu,生活
tusdk,媒体
tvos,工具
ucweb,信息
ufosdk,工具
umeng,信息
unipay,手机
upaiyun,生活
userinfo,社交
utouu,社交
video,媒体
voice,生活
waimai,生活
wallpaper,媒体
wandoujia,手机
wanlitong,财经
wapiknow,知识
wapmap,生活
wapwenku,知识
wapx,生活
wasu,手机
wawachina,知识
wdjimg,生活
weather,生活
weatherapi,生活
webterren,财经
wechat,生活
wegame,生活
weibo,社交
weidaijia,生活
weixin,社交
weiyun,生活
weizhang,生活
welove520,社交
wenku,知识
wenwen,知识
wfqqreader,生活
wififreekey,工具
winbaoxian,财经
winksi,生活
wo116114,手机
wochacha,购物
wodeweilai,工具
woocall,生活
wps,工具
xbiao,生活
x-bull,知识
xcar,生活
xiachufang,生活
xiangji,媒体
xianguo,生活
xiaoenai,社交
xiaokaxiu,生活
xiaoshuo,知识
xiaoying,媒体
xibaibai,生活
ximalaya,生活
xingcloud,工具
xinhuanet,生活
xinyue,生活
xiumi,工具
xiuxiu,媒体
xuechebu,生活
xueshu,知识
xueyazhushou,生活
xunlei,工具
xxxmeng,信息
xywy,生活
yahoo,信息
ycp,知识
yhd,购物
yidianzixun,信息
yinyueshiting,媒体
yinyuetai,媒体
yixia,媒体
youban,工具
youdao,知识
youku,媒体
youmi,知识
youxuan,购物
yun,工具
yunos,工具
yunpan,工具
yy,媒体
yyfensi,媒体
zdworks,工具
zhangyue,知识
zhannei,社交
zhanqi,媒体
zhcw,财经
zhhwnl,工具
zhidahao,知识
zhushou,手机
zhuti,媒体
zol,信息
zuanke8,购物
zuche,生活
zuoye,知识
