100msh,wifi
360freewifi,wifi
510wifi,wifi
51y5,wifi
as568,wifi
faxianwifi,wifi
freewifi,wifi
guoluke,wifi
hongbaowifi,wifi
lianwangshenqi,wifi
lianwifi,wifi
miwifi,wifi
msfwifi,wifi
pengwifi,wifi
qqwifi,wifi
surfo,wifi
wifiapi,wifi
wifienjoy,wifi
wififreekey,wifi
wifikey,wifi
wifimaster,wifi
yumiyidong,wifi
8684,traffic
12306,traffic
40017,traffic
10101111,traffic
adups,traffic
airchina,traffic
amap,traffic
bjjtgl,traffic
bytravel,traffic
callcar,traffic
careland,traffic
chanyouji,traffic
ctrip,traffic
daohang,traffic
dfpv,traffic
didapinche,traffic
didi,traffic
ditu,traffic
eclicks,traffic
edaijia,traffic
elong,traffic
go2map,traffic
huoche,traffic
ihg,traffic
imap,traffic
ipadnav,traffic
keyunzhan,traffic
kuaidadi,traffic
kuxun,traffic
lvmama,traffic
lvyou,traffic
mafengwo,traffic
map,traffic
mapabc,traffic
mapbar,traffic
maps,traffic
onegreen,traffic
plateno,traffic
pos,traffic
primex,traffic
qunar,traffic
rsscc,traffic
suanya,traffic
sunflower,traffic
tieyou,traffic
tigerknows,traffic
tracking,traffic
trip,traffic
tuniu,traffic
umetrip,traffic
vvipone,traffic
wabuw,traffic
wapmap,traffic
web2mi,traffic
weidaijia,traffic
xiaojukeji,traffic
xiaozhu,traffic
zhuna,traffic
zuche,traffic
58,shopping
111,shopping
1688,shopping
7788,shopping
778899,shopping
360buy,shopping
360buying,shopping
41sp,shopping
51fanli,shopping
52dangong,shopping
alipaipai,shopping
amazon,shopping
amway,shopping
anjuke,shopping
autohome,shopping
baixing,shopping
bangbang,shopping
bantang,shopping
bitauto,shopping
BMW,shopping
broadlink,shopping
buick,shopping
bydauto,shopping
cgou,shopping
chaoshi,shopping
che168,shopping
chuchujie,shopping
cuxiao,shopping
damai,shopping
dameiren,shopping
dangdang,shopping
dealmoon,shopping
dixintong,shopping
dongdong,shopping
dtb531,shopping
duitang,shopping
emao,shopping
enjoyz,shopping
etao,shopping
fang,shopping
fanli,shopping
ganji,shopping
geilicdn,shopping
gewara,shopping
gome,shopping
gomein,shopping
gouwu,shopping
guazi,shopping
hichao,shopping
hmeili,shopping
home,shopping
homekoo,shopping
homekoocdn,shopping
house,shopping
husor,shopping
ichuanyi,shopping
ikea,shopping
istreamsche,shopping
itlily,shopping
iunios,shopping
jd,shopping
jianke,shopping
jinritemai,shopping
jmstatic,shopping
juhuasuan,shopping
jumei,shopping
kakamobi,shopping
kekegold,shopping
kongfz,shopping
koudai,shopping
kuaipai,shopping
lechange,shopping
lefeng,shopping
leiphone,shopping
lemall,shopping
leju,shopping
lianjia,shopping
limei,shopping
liwushuo,shopping
m6go,shopping
market,shopping
marykay,shopping
megou,shopping
meilishuo,shopping
menhu100,shopping
mengo360,shopping
mihome,shopping
miya,shopping
mizhe,shopping
mmstat,shopping
mogujie,shopping
mucang,shopping
myfriday,shopping
okii,shopping
omigo,shopping
oneplus,shopping
patek,shopping
pcauto,shopping
pchouse,shopping
piao,shopping
ppdai,shopping
qiangqiang5,shopping
qjy168,shopping
queyueapp,shopping
rakuten,shopping
shop,shopping
shouji,shopping
shuihulu,shopping
smartisan,shopping
souyue,shopping
suishenyun,shopping
suning,shopping
taobao,shopping
taofen8,shopping
tmall,shopping
tomtom,shopping
ule88,shopping
vip,shopping
vipshop,shopping
weidian,shopping
weloop,shopping
wepiao,shopping
womai,shopping
xbiao,shopping
xiaotiancai,shopping
yesky,shopping
yhd,shopping
yiche,shopping
yihaodian,shopping
ymatou,shopping
youboy,shopping
zhe800,shopping
zol,shopping
199,siteNavigation
265,siteNavigation
114so,siteNavigation
appleweb,siteNavigation
AppleWebKit,siteNavigation
browser,siteNavigation
chrome,siteNavigation
dolphin-browser,siteNavigation
easou,siteNavigation
firefox,siteNavigation
hao,siteNavigation
hao123,siteNavigation
haosou,siteNavigation
idea123,siteNavigation
juwan,siteNavigation
ksmobile,siteNavigation
maxthon,siteNavigation
miuibrowser,siteNavigation
MQQBrowser,siteNavigation
pc120,siteNavigation
qqweb,siteNavigation
Safari,siteNavigation
startpage,siteNavigation
uc,siteNavigation
ucweb,siteNavigation
umeweb,siteNavigation
uoboo,siteNavigation
wapreach,siteNavigation
zhannei,siteNavigation
zhongsou,siteNavigation
360,portalwebsite
726,portalwebsite
703804,portalwebsite
0452e,portalwebsite
3g,portalwebsite
50bang,portalwebsite
86kx,portalwebsite
88huangye,portalwebsite
baidu,portalwebsite
bendibao,portalwebsite
bing,portalwebsite
ccoo,portalwebsite
duba,portalwebsite
google,portalwebsite
hexun,portalwebsite
hiapk,portalwebsite
hinews,portalwebsite
hkwb,portalwebsite
ifeng,portalwebsite
liebao,portalwebsite
netease,portalwebsite
pconline,portalwebsite
qihoo,portalwebsite
qiyue,portalwebsite
sina,portalwebsite
sinmeng,portalwebsite
sogou,portalwebsite
sohu,portalwebsite
tclclouds,portalwebsite
xmfc,portalwebsite
yahoo,portalwebsite
163,sociality
189,sociality
9158,sociality
95195,sociality
17app,sociality
21cn,sociality
520guimi,sociality
6rooms,sociality
9xiu,sociality
adwo,sociality
aituwen,sociality
appleiphonecell,sociality
baihe,sociality
bailingclub,sociality
bbs,sociality
bizport,sociality
blog,sociality
blued,sociality
bshare,sociality
call,sociality
chat,sociality
cindasoft,sociality
cootekservice,sociality
dianhua,sociality
dianxin,sociality
dingtalk,sociality
ditiezu,sociality
easemob,sociality
email,sociality
facebook,sociality
feixin,sociality
foxmail,sociality
gogodate,sociality
goski,sociality
gotye,sociality
haoma,sociality
highing,sociality
hudongba,sociality
ikafan,sociality
imlianai,sociality
immomo,sociality
inbilin,sociality
ipadqq,sociality
ipinyou,sociality
jiayuan,sociality
jingwei,sociality
kagirl,sociality
kkfun,sociality
kmail,sociality
laiwang,sociality
lanxin,sociality
lianluo,sociality
liaoliao,sociality
live,sociality
livetalk,sociality
lofter,sociality
mail,sociality
maimai,sociality
mcapp,sociality
momo,sociality
moxz,sociality
myhug,sociality
oneniceapp,sociality
pingwest,sociality
playbobo,sociality
pushmail,sociality
qmail,sociality
qq,sociality
qqmail,sociality
qqwx,sociality
qxiu,sociality
qzone,sociality
renren,sociality
shuoba,sociality
skype,sociality
talker,sociality
teddymobile,sociality
tieba,sociality
ttpod,sociality
ufoto,sociality
uu08,sociality
uyan,sociality
viber,sociality
vqq,sociality
wangwang,sociality
wangxin,sociality
wealoha,sociality
wecall,sociality
wechat,sociality
weibo,sociality
weixin,sociality
welove520,sociality
woocall,sociality
xcar,sociality
xiaoenai,sociality
yixin,sociality
youyuan,sociality
yuyin,sociality
zhihu,sociality
zoosnet,sociality
317abc,video
58dm,video
6rooms,video
acfun,video
aixifan,video
AppleCoreMedia,video
arcsoft,video
baofeng,video
baomihua,video
bilibili,video
bobo,video
bokecc,video
brightcove,video
cctv,video
cmvideo,video
cntv,video
cutv,video
demaxiya,video
dianshizhibo,video
dianying,video
dopool,video
douyutv,video
duduhanju,video
dy1000,video
dy180,video
fengyunzhibo,video
film,video
flvcd,video
fodizi,video
funshion,video
gifshow,video
guagua,video
hdbird,video
hunantv,video
huya,video
iguagua,video
ikan,video
Imgo,video
iqiyi,video
kan,video
kankan,video
kanqiu,video
kascend,video
kuaibo,video
kukuplay,video
kwai,video
letv,video
m1905,video
mangotv,video
miaopai,video
molitv,video
moretv,video
moviebox,video
mtime,video
myokav,video
pipi,video
player,video
plu,video
pplive,video
pps,video
pptv,video
qiyi,video
qiyiipadvideo,video
qiyividio,video
qqlive,video
qqvideo,video
smartvideo,video
sohutv,video
sohuvideohd,video
soku,video
sumeme,video
togic,video
tudou,video
TudouIPad,video
tusdk,video
tv,video
tvesou,video
uitv,video
video,video
videos,video
wandafilm,video
waqu,video
wasu,video
weishi,video
win007,video
xiankan,video
xiaokaxiu,video
xiaomv,video
xiguaplayer,video
yixia,video
youku,video
youkuhd,video
yunfan,video
yy,video
zhangyu,video
zhanqi,video
zhibo8,video
zm518,video
3gimg,picture
baidu-img,picture
bdimg,picture
beautyplus,picture
bookimg,picture
comicool,picture
dmzj,picture
gtimg,picture
imgsrc,picture
imgstore,picture
iphotos,picture
ishuhui,picture
joymeng,picture
jsfoot,picture
kuaikan,picture
kuaikanmanhua,picture
logo,picture
manhuaren,picture
meishubaby,picture
meitu,picture
mmbiz,picture
mypsd,picture
nipic,picture
photo,picture
photocdn,picture
png,picture
qlogo,picture
qpic,picture
qqimg,picture
quanjing,picture
sinaimg,picture
singerimg,picture
sosobook,picture
sqimg,picture
timg,picture
ttxuanpai,picture
wdjimg,picture
xiangce,picture
auto,news
baohebao,news
bjweekly,news
bytedance,news
cankaoxiaoxi,news
chinanews,news
chouti,news
cnews,news
crntt,news
dzyule,news
flipboard,news
gfan,news
gmw,news
guancha,news
happyjuzi,news
hebnews,news
huanqiu,news
hxnews,news
inews,news
infoapp,news
ipadnavnews,news
ipadnews,news
ithome,news
jiemian,news
junjichu,news
jschina,news
kandian,news
kankanews,news
kuaibao,news
miercn,news
mingxing,news
myzaker,news
new,news
newdiscoveryapi,news
new-event,news
newsfeed,news
nytimes,news
people,news
pnewsapp,news
qianyan001,news
qqnews,news
sohunews,news
soso,news
thepaper,news
toutiao,news
vogue,news
xinhuanet,news
xinjunshi,news
xinmin,news
xue163,news
yidianzixun,news
zhuyoukong,news
zzd,news
10155,music
12530,music
5sing,music
audiocn,music
baiduyinyue,music
changba,music
djkk,music
djyule,music
duomi,music
fanxing,music
iting360,music
juangua,music
kaolafm,music
kibey,music
kktv,music
koowo,music
ku6,music
kugou,music
kuwo,music
kxting,music
lyrics,music
mp4,music
music,music
music360,music
musicdata,music
musics,music
otherlevels,music
qianqian,music
qingting,music
qqmusic,music
qzone-music,music
shoujiduoduo,music
song,music
ting,music
tingtingfm,music
voice,music
wsd163,music
ximalaya,music
y2002,music
yinyueshiting,music
yinyuetai,music
91,appstore
126disk,appstore
189store,appstore
25pp,appstore
ailianlian,appstore
alicdn,appstore
anfone,appstore
anzhi,appstore
apistore,appstore
appchina,appstore
appstore,appstore
baoruan,appstore
coco,appstore
coolmart,appstore
dianxinos,appstore
domobile,appstore
dxsvr,appstore
gdown,appstore
goapk,appstore
hackhome,appstore
hispaceclt,appstore
ijinshan,appstore
itry,appstore
keke,appstore
lenovomm,appstore
mall,appstore
maroon91,appstore
mgyapp,appstore
mibi,appstore
mmarket,appstore
myapp,appstore
mycheer,appstore
mycheering,appstore
store,appstore
vmall,appstore
wandoujia,appstore
yingyonghui,appstore
ztems,appstore
zuiben,appstore
zuimeia,appstore
61,game
99,game
2199,game
3366,game
3636,game
6513,game
7073,game
9377,game
17188,game
173app,game
17c,game
1qianbao,game
360game,game
365you,game
3dwwwgame,game
4399api,game
4399sy,game
51mrp,game
61ns,game
910app,game
anzogame,game
baidu-mgame,game
baiduwebgame,game
bianfeng,game
buluo,game
candou,game
cmbchina,game
cmgame,game
daoju,game
dkmol,game
dodoeasy,game
dolphin,game
doyo,game
duokoo,game
duoku,game
duowan,game
duoyi,game
eamobile,game
easymobi,game
ewan,game
feiji,game
fotoable,game
game,game
gamebox,game
gamecenter,game
gamehall,game
gc73,game
gzyouai,game
hanjiangsanguo,game
happyelements,game
huanle,game
huluxia,game
lianzhong,game
lieyou,game
idreamsky,game
ijunhai,game
iwan,game
iyouxi,game
jj,game
kkk5,game
ktplay,game
kunlun,game
laohu,game
le4,game
leyogame,game
lianlianbox,game
lianmeng,game
lol,game
loveota,game
mario,game
microfun,game
minigame,game
morefuntek,game
mu77,game
mytown,game
paopaoche,game
pcgames,game
pizi,game
play,game
playrix,game
poker,game
pook,game
popcap,game
qform,game
qiqu,game
qqgame,game
rekoo,game
rovio,game
sanguosha,game
sdo,game
shuowan,game
skymoons,game
snailfighter,game
taojinroad,game
tianmashikong,game
tuboshu,game
tuyoo,game
tvgame,game
uuzu,game
wali,game
wan,game
wegame,game
woniu,game
xinyue,game
xskhome,game
xy,game
yeahgame,game
youxi,game
youzu,game
yunva,game
yxdown,game
zhangyoubao,game
zhen,game
zhiwantang,game
zhuoyigame,game
zplay,game
zygame,game
17k,read
19lou,read
1kanshu,read
99csw,read
allreader,read
aqtxt,read
baiyue,read
bingodu,read
book,read
bookben,read
bookshelf,read
bxwx,read
cmread,read
coolread,read
docin,read
duokan,read
dushu,read
dushubus,read
faloo,read
heiyan,read
i7wu,read
ikanshu,read
ipadnovel,read
iqiyoo,read
ireader,read
ireadercity,read
iyuedu,read
kanunu8,read
kingreader,read
lingdiankanshu,read
mianhuatang,read
mitang,read
qidian,read
quanshu,read
qreader,read
read,read
reader,read
shucheng,read
shuqi,read
sqreader,read
tadu,read
txt99,read
txtbook,read
txtduo,read
tyread,read
vivame,read
wanmeiyuedu,read
wapwenku,read
wenku,read
weread,read
wfqqreader,read
wfreader,read
xianguo,read
xiaoshuo,read
xuanshu,read
ycsd,read
yuedu,read
zgpingshu,read
ziyouge,read
zhangyue,read
zhuaji,read
zhuishushenqi,read
zongheng,read
alipay,pay
baifubao,pay
bestpay,pay
bkpay,pay
card,pay
innerpay,pay
pay,pay
payu,pay
qqwallet,pay
tenpay,pay
unipay,pay
upay360,pay
wangyin,pay
zhifu,pay
10jqka,financing
91wutong,financing
baidao,financing
bankcomm,financing
bjrcb,financing
caijing,financing
ccb,financing
cebbank,financing
cnfol,financing
csai,financing
dandanz,financing
ddzhuan,financing
dfcfw,financing
eastmoney,financing
emoney,financing
finance,financing
fund123,financing
gucheng,financing
gupiao,financing
gushitong,financing
gw,financing
hzins,financing
icaipiao123,financing
icbc,financing
iwencai,financing
javhos,financing
jiangduoduo,financing
jiedaibao,financing
jinrongren,financing
lives,financing
mfniu,financing
niuguwang,financing
nongshanghang,financing
pingan,financing
qiandeer,financing
qianka,financing
renrentou,financing
rong360,financing
scw98,financing
shishicai,financing
tiantong99,financing
tongbanjie,financing
weidai,financing
wenhua,financing
wodeweilai,financing
xszhuan,financing
zg007,financing
zhangle,financing
zhcw,financing
zuanke8,financing
91doujin,marking
adeaz,marking
admaster,marking
admob,marking
adpro,marking
adsage,marking
adsame,marking
adsmogo,marking
adview,marking
allyes,marking
appcpa,marking
appmedia,marking
behe,marking
cocounion,marking
coohua,marking
criteo,marking
daoyoudao,marking
dianjoy,marking
dianru,marking
domob,marking
duomeng,marking
dxpmedia,marking
emarbox,marking
f2time,marking
gentags,marking
ibimuyu,marking
icast,marking
igexin,marking
inmobi,marking
inveno,marking
jesgoo,marking
jwmobi,marking
kaitianad,marking
kejet,marking
madserving,marking
magiqmobile,marking
maysunmedia,marking
mediav,marking
microad,marking
miidi,marking
mopub,marking
ninebox,marking
nineton,marking
o2omobi,marking
ogengine,marking
optaim,marking
punchbox,marking
qiao,marking
qtmojo,marking
qumi,marking
reachmax,marking
soquair,marking
tanx,marking
tencentmind,marking
thinkdifferent,marking
trafficforce,marking
umtrack,marking
vizury,marking
wapx,marking
xtgreat,marking
xxxmeng,marking
yigao,marking
youmi,marking
youxuan,marking
yoyi,marking
zhidahao,marking
120ask,health
39yst,health
51aiya,health
51yund,health
babytree,health
baobao,health
doby,health
eye023,health
haodf,health
haowj,health
hospmall,health
jiankang,health
ledongli,health
mama,health
mengbaobao,health
muzhi,health
qbb6,health
shiguangxiaowu,health
sports,health
wenwo,health
xywy,health
yaolan,health
yihu,health
233,education
7wenta,education
baicizhan,education
bbtree,education
beva,education
bwie,education
cdeledu,education
costoon,education
easyread,education
edu,education
eol,education
gkstk,education
houxue,education
hudong,education
hyww,education
imooc,education
jiakaobaodian,education
jiaoyu,education
jiaxiao,education
jtedu,education
jxedt,education
jyeoo,education
kaoyan,education
ledudu,education
liuxue,education
meishubao,education
mukewang,education
peixunwang,education
pigeon,education
qupeiyin,education
speiyou,education
study,education
taozhiwan,education
towords,education
wawachina,education
xiaoyisy,education
xidian,education
xueba100,education
xueshu,education
youban,education
yuantiku,education
zuoye,education
bizhi,interlocution
iask,interlocution
iknow,interlocution
jingyan,interlocution
suggest,interlocution
suggestion,interlocution
wapiknow,interlocution
wenwen,interlocution
zhidao,interlocution
5singlive,community
aibang,community
aiyujie,community
baichuan,community
baike,community
belle8,community
bestfriends,community
bmsheng,community
budejie,community
changyan,community
chengshiluntan,community
chihe,community
chihehuizhou,community
douban,community
ewang,community
fashion,community
gaoxiaobar,community
gm825,community
haxiu,community
hupu,community
idol001,community
ixiaochuan,community
junzhuan,community
laobingmi,community
lengxiaohua,community
moko,community
mpush,community
nba,community
nbachina,community
neihanshequ,community
oeeee,community
pengfu,community
qiushibaike,community
qqshow,community
shenchuang,community
show,community
tiboo,community
ttufo,community
tuisong,community
utouu,community
wxfenxiao,community
xcar,community
youth,community
yyfensi,community
zhue,community
115,dataserving
accenture,dataserving
aicdn,dataserving
aliyun,dataserving
apicloud,dataserving
avlyun,dataserving
AVOS ,dataserving
baifendian,dataserving
baiwutong,dataserving
bmob,dataserving
cloud,dataserving
cloudfront,dataserving
cloudplayer,dataserving
cnzz,dataserving
coolyun,dataserving
dbank,dataserving
duapp,dataserving
fxiaoke,dataserving
geetest,dataserving
google-analytics,dataserving
hicloud,dataserving
hiido,dataserving
hiphotos,dataserving
homecloud,dataserving
hongshiyun,dataserving
hwclouds,dataserving
intsig,dataserving
jcloud,dataserving
jpush,dataserving
juhe,dataserving
kkeye,dataserving
ksyun,dataserving
kuaipan,dataserving
lanjingke,dataserving
leancloud,dataserving
lecloud,dataserving
lightonus,dataserving
linezing,dataserving
lotuseed,dataserving
miaozhen,dataserving
micloud,dataserving
mob,dataserving
myqcloud,dataserving
pan,dataserving
pluloud,dataserving
ptengine,dataserving
qcloud,dataserving
qiniucdn,dataserving
qtestin,dataserving
qualcomm,dataserving
reyun,dataserving
ronghub,dataserving
royaleu,dataserving
sandai,dataserving
scloud,dataserving
sinastorage,dataserving
starschina,dataserving
storage,dataserving
tk163,dataserving
umeng,dataserving
uodoo,dataserving
upaiyun,dataserving
uxin,dataserving
vamaker,dataserving
voicecloud,dataserving
webterren,dataserving
weipan,dataserving
weiyun,dataserving
wrating,dataserving
xcloud,dataserving
xfyun,dataserving
xibao100,dataserving
xunlei,dataserving
yun,dataserving
yun365,dataserving
yunduan,dataserving
yunos,dataserving
yunpan,dataserving
yuntv,dataserving
yunyoyo,dataserving
zhiziyun,dataserving
zhuoyi,dataserving
360launcher,tool
360safe,tool
51yes,tool
airtake,tool
at321,tool
baidupcs,tool
bangcle,tool
camera360,tool
colorv,tool
crasheye,tool
eqxiu,tool
fanyi,tool
fastweb,tool
feidee,tool
fengniao,tool
gongkong,tool
goyihu,tool
guobi,tool
haima,tool
holaworld,tool
huisuoping,tool
i4,tool
ibutian,tool
iciba,tool
iiapple,tool
in66,tool
ip138,tool
ishuaji,tool
itunes,tool
jiathis,tool
kuaiyong,tool
kuaizhan,tool
lbesec,tool
lefei,tool
lfkjgs,tool
lovebizhi,tool
ludashi,tool
maka,tool
mcitech,tool
mediatek,tool
meipai,tool
mgyun,tool
mikecrm,tool
mkey,tool
molixiangce,tool
moxiu,tool
mvote,tool
mweb,tool
mytouch,tool
naver,tool
openspeech,tool
peel,tool
photosync,tool
pinyin,tool
qplus,tool
rabbitpre,tool
rootjl,tool
screenimgs,tool
shake,tool
shitu,tool
shoujiweishi,tool
shuame,tool
shurufa,tool
sproutbuilder,tool
tools,tool
touchcdn,tool
translate,tool
tvos,tool
unity3d,tool
ushareit,tool
vlingo,tool
wallpaper,tool
wanmeiyueyu,tool
wiwide,tool
wochacha,tool
wps,tool
wx135,tool
xiangji,tool
xiaoying,tool
xingcloud,tool
xinshuru,tool
xiumi,tool
xiuxiu,tool
xueyazhushou,tool
xyzs,tool
xzw,tool
youdao,tool
zdworks,tool
zhichiwangluo,tool
zhushou,tool
zhuti,tool
9610,lifestyle
10010,lifestyle
10086,lifestyle
365rili,lifestyle
51job,lifestyle
51wnl,lifestyle
7daysinn,lifestyle
aitianqi,lifestyle
boohee,lifestyle
citysbs,lifestyle
dajie,lifestyle
daysmatter,lifestyle
dianping,lifestyle
dianwoda,lifestyle
douguo,lifestyle
doumi,lifestyle
etouch,lifestyle
fuwu,lifestyle
haitou,lifestyle
himg,lifestyle
hotel,lifestyle
hunliji,lifestyle
huodong,lifestyle
ikamobile,lifestyle
ishansong,lifestyle
kanzhun,lifestyle
kuaidi,lifestyle
linghit,lifestyle
meishichina,lifestyle
meituan,lifestyle
moji,lifestyle
nuomi,lifestyle
raiyi,lifestyle
rili,lifestyle
seeyouyima,lifestyle
shenghuo,lifestyle
tianqi,lifestyle
tianqitong,lifestyle
tq121,lifestyle
tuan800,lifestyle
waimai,lifestyle
wanlitong,lifestyle
weather,lifestyle
weatherapi,lifestyle
weizhang,lifestyle
winbaoxian,lifestyle
wo116114,lifestyle
x-bull,lifestyle
xiachufang,lifestyle
xiangha,lifestyle
xuechebu,lifestyle
yingjiesheng,lifestyle
zhaijiso,lifestyle
zhaopin,lifestyle
zhwnl,lifestyle
